species,kingdom,phylum,order,family,genus,old_species,kingdom_id,phylum_id,order_id,family_id,genus_id,species_id,ids,in_range
Alosa alosa,Animalia,Chordata,Clupeiformes,Clupeidae,Alosa,Alosa alosa,1,44,538,7332,2412615,2412685,Alosa alosa,n
Alosa fallax,Animalia,Chordata,Clupeiformes,Clupeidae,Alosa,Alosa fallax,1,44,538,7332,2412615,2412623,Alosa fallax,n
Alosa sapidissima,Animalia,Chordata,Clupeiformes,Clupeidae,Alosa,Alosa sapidissima,1,44,538,7332,2412615,2412661,Alosa sapidissima,y
Anoplopoma fimbria,Animalia,Chordata,Scorpaeniformes,Anoplopomatidae,Anoplopoma,Anoplopoma fimbria,1,44,590,5090,2335061,2335062,Anoplopoma fimbria,y
Citharichthys stigmaeus,Animalia,Chordata,Pleuronectiformes,Paralichthyidae,Citharichthys,Citharichthys stigmaeus,1,44,588,5082,2408301,2408737,Citharichthys stigmaeus,y
Clupea pallasii,Animalia,Chordata,Clupeiformes,Clupeidae,Clupea,Clupea pallasii,1,44,538,7332,2346676,4284072,Clupea pallasii,y
Clupea pallasii,Animalia,Chordata,Clupeiformes,Clupeidae,Clupea,Clupea pallasii,1,44,538,7332,2346676,4284072,Clupea pallasii,y
Cryptacanthodes aleutensis,Animalia,Chordata,Perciformes,Cryptacanthodidae,Cryptacanthodes,Cryptacanthodes aleutensis,1,44,587,4264,2387403,2387413,Cryptacanthodes aleutensis,y
Gadus chalcogrammus,Animalia,Chordata,Gadiformes,Gadidae,Gadus,Gadus chalcogrammus,1,44,549,3701,2335052,2415769,Gadus chalcogrammus,y
Gadus morhua,Animalia,Chordata,Gadiformes,Gadidae,Gadus,Gadus morhua,1,44,549,3701,2335052,8084280,Gadus morhua,n
Glyptocephalus stelleri,Animalia,Chordata,Pleuronectiformes,Pleuronectidae,Glyptocephalus,Glyptocephalus stelleri,1,44,588,8611,2409281,5213991,Glyptocephalus stelleri,n
Glyptocephalus zachirus,Animalia,Chordata,Pleuronectiformes,Pleuronectidae,Glyptocephalus,Glyptocephalus zachirus,1,44,588,8611,2409281,5214001,Glyptocephalus zachirus,y
Limanda proboscidea,Animalia,Chordata,Pleuronectiformes,Pleuronectidae,Limanda,Myzopsetta proboscidea,1,44,588,8611,5213949,5213962,Myzopsetta proboscidea,n
Merluccius productus,Animalia,Chordata,Gadiformes,Merlucciidae,Merluccius,Merluccius productus,1,44,549,3703,2415629,2415676,Merluccius productus,y
Oncorhynchus gorbuscha,Animalia,Chordata,Salmoniformes,Salmonidae,Oncorhynchus,Oncorhynchus gorbuscha,1,44,1313,8615,2351426,5204037,Oncorhynchus gorbuscha,y
Oncorhynchus kawamurae,Animalia,Chordata,Salmoniformes,Salmonidae,Oncorhynchus,Oncorhynchus kawamurae,1,44,1313,8615,2351426,5961610,Oncorhynchus kawamurae,n
Oncorhynchus keta,Animalia,Chordata,Salmoniformes,Salmonidae,Oncorhynchus,Oncorhynchus keta,1,44,1313,8615,2351426,5204014,Oncorhynchus keta,y
Oncorhynchus kisutch,Animalia,Chordata,Salmoniformes,Salmonidae,Oncorhynchus,Oncorhynchus kisutch,1,44,1313,8615,2351426,5204034,Oncorhynchus kisutch,y
Oncorhynchus nerka,Animalia,Chordata,Salmoniformes,Salmonidae,Oncorhynchus,Oncorhynchus nerka,1,44,1313,8615,2351426,5204039,Oncorhynchus nerka,y
Oncorhynchus tshawytscha,Animalia,Chordata,Salmoniformes,Salmonidae,Oncorhynchus,Oncorhynchus tshawytscha,1,44,1313,8615,2351426,5204024,Oncorhynchus tshawytscha,y
Pholis laeta,Animalia,Chordata,Perciformes,Pholidae,Pholis,Pholis laeta,1,44,587,8576,2390397,5210424,Pholis laeta,y
Sebastes aleutianus,Animalia,Chordata,Scorpaeniformes,Sebastidae,Sebastes,Sebastes aleutianus,1,44,590,8633,2333712,2335422,Sebastes aleutianus,y
Sebastes alutus,Animalia,Chordata,Scorpaeniformes,Sebastidae,Sebastes,Sebastes alutus,1,44,590,8633,2333712,2335557,Sebastes alutus,y
Sebastes babcocki,Animalia,Chordata,Scorpaeniformes,Sebastidae,Sebastes,Sebastes babcocki,1,44,590,8633,2333712,2335374,Sebastes babcocki,y
Sebastes baramenuke,Animalia,Chordata,Scorpaeniformes,Sebastidae,Sebastes,Sebastes baramenuke,1,44,590,8633,2333712,2335483,Sebastes baramenuke,n
Sebastes brevispinis,Animalia,Chordata,Scorpaeniformes,Sebastidae,Sebastes,Sebastes brevispinis,1,44,590,8633,2333712,2335560,Sebastes brevispinis,y
Sebastes cheni,Animalia,Chordata,Scorpaeniformes,Sebastidae,Sebastes,Sebastes cheni,1,44,590,8633,2333712,4286373,Sebastes cheni,n
Sebastes ciliatus,Animalia,Chordata,Scorpaeniformes,Sebastidae,Sebastes,Sebastes ciliatus,1,44,590,8633,2333712,2335476,Sebastes ciliatus,y
Sebastes constellatus,Animalia,Chordata,Scorpaeniformes,Sebastidae,Sebastes,Sebastes constellatus,1,44,590,8633,2333712,2335457,Sebastes constellatus,n
Sebastes crameri,Animalia,Chordata,Scorpaeniformes,Sebastidae,Sebastes,Sebastes crameri,1,44,590,8633,2333712,2335443,Sebastes crameri,y
Sebastes elongatus,Animalia,Chordata,Scorpaeniformes,Sebastidae,Sebastes,Sebastes elongatus,1,44,590,8633,2333712,2335441,Sebastes elongatus,y
Sebastes emphaeus,Animalia,Chordata,Scorpaeniformes,Sebastidae,Sebastes,Sebastes emphaeus,1,44,590,8633,2333712,2335372,Sebastes emphaeus,y
Sebastes entomelas,Animalia,Chordata,Scorpaeniformes,Sebastidae,Sebastes,Sebastes entomelas,1,44,590,8633,2333712,2335516,Sebastes entomelas,y
Sebastes eos,Animalia,Chordata,Scorpaeniformes,Sebastidae,Sebastes,Sebastes eos,1,44,590,8633,2333712,2335572,Sebastes eos,n
Sebastes exsul,Animalia,Chordata,Scorpaeniformes,Sebastidae,Sebastes,Sebastes exsul,1,44,590,8633,2333712,2335547,Sebastes exsul,n
Sebastes flavidus,Animalia,Chordata,Scorpaeniformes,Sebastidae,Sebastes,Sebastes flavidus,1,44,590,8633,2333712,2335500,Sebastes flavidus,y
Sebastes goodei,Animalia,Chordata,Scorpaeniformes,Sebastidae,Sebastes,Sebastes goodei,1,44,590,8633,2333712,2335531,Sebastes goodei,y
Sebastes helvomaculatus,Animalia,Chordata,Scorpaeniformes,Sebastidae,Sebastes,Sebastes helvomaculatus,1,44,590,8633,2333712,2335394,Sebastes helvomaculatus,y
Sebastes hubbsi,Animalia,Chordata,Scorpaeniformes,Sebastidae,Sebastes,Sebastes hubbsi,1,44,590,8633,2333712,2335535,Sebastes hubbsi,n
Sebastes joyneri,Animalia,Chordata,Scorpaeniformes,Sebastidae,Sebastes,Sebastes joyneri,1,44,590,8633,2333712,2335451,Sebastes joyneri,n
Sebastes melanops,Animalia,Chordata,Scorpaeniformes,Sebastidae,Sebastes,Sebastes melanops,1,44,590,8633,2333712,2335569,Sebastes melanops,y
Sebastes melanostictus,Animalia,Chordata,Scorpaeniformes,Sebastidae,Sebastes,Sebastes melanostictus,1,44,590,8633,2333712,8416044,Sebastes melanostictus,y
Sebastes miniatus,Animalia,Chordata,Scorpaeniformes,Sebastidae,Sebastes,Sebastes miniatus,1,44,590,8633,2333712,2335381,Sebastes miniatus,y
Sebastes mystinus,Animalia,Chordata,Scorpaeniformes,Sebastidae,Sebastes,Sebastes mystinus,1,44,590,8633,2333712,2335366,Sebastes mystinus,y
Sebastes ovalis,Animalia,Chordata,Scorpaeniformes,Sebastidae,Sebastes,Sebastes ovalis,1,44,590,8633,2333712,2335567,Sebastes ovalis,n
Sebastes pachycephalus,Animalia,Chordata,Scorpaeniformes,Sebastidae,Sebastes,Sebastes pachycephalus,1,44,590,8633,2333712,4286366,Sebastes pachycephalus,n
Sebastes phillipsi,Animalia,Chordata,Scorpaeniformes,Sebastidae,Sebastes,Sebastes phillipsi,1,44,590,8633,2333712,2335550,Sebastes phillipsi,n
Sebastes polyspinis,Animalia,Chordata,Scorpaeniformes,Sebastidae,Sebastes,Sebastes polyspinis,1,44,590,8633,2333712,2335506,Sebastes polyspinis,y
Sebastes proriger,Animalia,Chordata,Scorpaeniformes,Sebastidae,Sebastes,Sebastes proriger,1,44,590,8633,2333712,2335489,Sebastes proriger,y
Sebastes reedi,Animalia,Chordata,Scorpaeniformes,Sebastidae,Sebastes,Sebastes reedi,1,44,590,8633,2333712,2335448,Sebastes reedi,y
Sebastes rosaceus,Animalia,Chordata,Scorpaeniformes,Sebastidae,Sebastes,Sebastes rosaceus,1,44,590,8633,2333712,2335450,Sebastes rosaceus,y
Sebastes rosenblatti,Animalia,Chordata,Scorpaeniformes,Sebastidae,Sebastes,Sebastes rosenblatti,1,44,590,8633,2333712,2335437,Sebastes rosenblatti,n
Sebastes ruberrimus,Animalia,Chordata,Scorpaeniformes,Sebastidae,Sebastes,Sebastes ruberrimus,1,44,590,8633,2333712,2335415,Sebastes ruberrimus,y
Sebastes rubrivinctus,Animalia,Chordata,Scorpaeniformes,Sebastidae,Sebastes,Sebastes rubrivinctus,1,44,590,8633,2333712,2335388,Sebastes rubrivinctus,n
Sebastes serriceps,Animalia,Chordata,Scorpaeniformes,Sebastidae,Sebastes,Sebastes serriceps,1,44,590,8633,2333712,2335522,Sebastes serriceps,n
Sebastes simulator,Animalia,Chordata,Scorpaeniformes,Sebastidae,Sebastes,Sebastes simulator,1,44,590,8633,2333712,2335424,Sebastes simulator,n
Sebastes variabilis,Animalia,Chordata,Scorpaeniformes,Sebastidae,Sebastes,Sebastes variabilis,1,44,590,8633,2333712,2335481,Sebastes variabilis,y
Sebastes variegatus,Animalia,Chordata,Scorpaeniformes,Sebastidae,Sebastes,Sebastes variegatus,1,44,590,8633,2333712,2335412,Sebastes variegatus,y
Sebastes ventricosus,Animalia,Chordata,Scorpaeniformes,Sebastidae,Sebastes,Sebastes ventricosus,1,44,590,8633,2333712,2335386,Sebastes ventricosus,n
Sebastes wilsoni,Animalia,Chordata,Scorpaeniformes,Sebastidae,Sebastes,Sebastes wilsoni,1,44,590,8633,2333712,2335485,Sebastes wilsoni,y
Sebastes zacentrus,Animalia,Chordata,Scorpaeniformes,Sebastidae,Sebastes,Sebastes zacentrus,1,44,590,8633,2333712,2335429,Sebastes zacentrus,y
Thaleichthys pacificus,Animalia,Chordata,Osmeriformes,Osmeridae,Thaleichthys,Thaleichthys pacificus,1,44,1068,8480,2410902,2410903,Thaleichthys pacificus,y
Xiphister atropurpureus,Animalia,Chordata,Perciformes,Stichaeidae,Xiphister,Xiphister atropurpureus,1,44,587,8598,2394808,2394813,Xiphister atropurpureus,y
Xiphister atropurpureus,Animalia,Chordata,Perciformes,Stichaeidae,Xiphister,Xiphister atropurpureus,1,44,587,8598,2394808,2394813,Xiphister atropurpureus,y
Xiphister mucosus,Animalia,Chordata,Perciformes,Stichaeidae,Xiphister,Xiphister mucosus,1,44,587,8598,2394808,2394809,Xiphister mucosus,y
NA,Animalia,Chordata,Scorpaeniformes,Sebastidae,Sebastes,Sebastes,1,44,590,8633,2333712,NA,Sebastes,y
